defect_id,defect_date,line,shift,product_code,defect_type,cause,severity,defect_qty,action,inspector_id
DEF-00001,2024-01-01,A라인,야간,PRD-004,외관불량,스크래치,보통,11,재작업,INS-05
DEF-00002,2024-01-01,A라인,주간,PRD-001,표면조도불량,소재불량,보통,1,특채(조건부합격),INS-05
DEF-00003,2024-01-01,A라인,야간,PRD-004,치수불량,셋업오류,보통,7,폐기,INS-01
DEF-00004,2024-01-02,A라인,야간,PRD-003,치수불량,공구마모,보통,3,폐기,INS-01
DEF-00005,2024-01-02,A라인,야간,PRD-004,형상불량,평탄도초과,보통,1,특채(조건부합격),INS-07
DEF-00006,2024-01-02,A라인,주간,PRD-001,외관불량,이물질부착,경미,14,재작업,INS-06
DEF-00007,2024-01-02,B라인,야간,PRD-006,형상불량,프로그램오류,보통,11,재작업,INS-07
DEF-00008,2024-01-02,C라인,야간,PRD-005,외관불량,이물질부착,경미,2,특채(조건부합격),INS-04
DEF-00009,2024-01-02,C라인,야간,PRD-001,외관불량,찍힘,경미,11,특채(조건부합격),INS-05
DEF-00010,2024-01-03,A라인,야간,PRD-003,표면조도불량,절삭조건부적합,심각,24,폐기,INS-02
DEF-00011,2024-01-03,A라인,주간,PRD-003,표면조도불량,공구마모,보통,6,재작업,INS-01
DEF-00012,2024-01-03,C라인,야간,PRD-003,기타,라벨오류,보통,13,재작업,INS-04
DEF-00013,2024-01-03,C라인,야간,PRD-001,치수불량,소재경도편차,보통,6,특채(조건부합격),INS-08
DEF-00014,2024-01-03,C라인,야간,PRD-005,외관불량,이물질부착,심각,15,반품,INS-01
DEF-00015,2024-01-03,C라인,야간,PRD-001,외관불량,이물질부착,보통,6,특채(조건부합격),INS-07
DEF-00016,2024-01-04,A라인,야간,PRD-001,외관불량,스크래치,경미,13,특채(조건부합격),INS-07
DEF-00017,2024-01-05,A라인,야간,PRD-001,크랙,소재결함,심각,5,폐기,INS-07
DEF-00018,2024-01-05,A라인,주간,PRD-003,치수불량,측정오류,경미,4,재작업,INS-05
DEF-00019,2024-01-05,B라인,야간,PRD-002,크랙,열처리불량,경미,3,특채(조건부합격),INS-08
DEF-00020,2024-01-06,A라인,주간,PRD-003,외관불량,변색,보통,11,폐기,INS-02
DEF-00021,2024-01-06,B라인,야간,PRD-002,기타,라벨오류,보통,12,폐기,INS-04
DEF-00022,2024-01-06,C라인,야간,PRD-003,치수불량,열변형,경미,14,재작업,INS-03
DEF-00023,2024-01-06,C라인,주간,PRD-003,치수불량,셋업오류,경미,10,특채(조건부합격),INS-07
DEF-00024,2024-01-06,C라인,야간,PRD-003,치수불량,열변형,보통,6,특채(조건부합격),INS-06
DEF-00025,2024-01-08,A라인,야간,PRD-001,기타,라벨오류,보통,7,재작업,INS-06
DEF-00026,2024-01-08,C라인,야간,PRD-001,치수불량,소재경도편차,보통,7,특채(조건부합격),INS-06
DEF-00027,2024-01-08,C라인,야간,PRD-003,외관불량,이물질부착,경미,9,특채(조건부합격),INS-08
DEF-00028,2024-01-09,A라인,주간,PRD-004,표면조도불량,냉각부족,보통,7,폐기,INS-05
DEF-00029,2024-01-09,A라인,주간,PRD-004,형상불량,동축도초과,보통,3,폐기,INS-07
DEF-00030,2024-01-09,C라인,야간,PRD-003,표면조도불량,절삭조건부적합,경미,7,특채(조건부합격),INS-07
DEF-00031,2024-01-09,C라인,주간,PRD-005,표면조도불량,소재불량,경미,1,재작업,INS-07
DEF-00032,2024-01-10,A라인,야간,PRD-003,치수불량,,보통,10,폐기,INS-04
DEF-00033,2024-01-10,A라인,야간,PRD-004,치수불량,소재경도편차,심각,9,반품,INS-06
DEF-00034,2024-01-10,A라인,야간,PRD-001,치수불량,열변형,심각,15,폐기,INS-01
DEF-00035,2024-01-10,A라인,야간,PRD-001,치수불량,공구마모,보통,10,특채(조건부합격),INS-01
DEF-00036,2024-01-10,B라인,주간,PRD-002,형상불량,진원도초과,보통,9,폐기,INS-01
DEF-00037,2024-01-10,B라인,야간,PRD-005,형상불량,동축도초과,경미,12,특채(조건부합격),INS-08
DEF-00038,2024-01-10,B라인,야간,PRD-005,치수불량,열변형,심각,9,반품,INS-07
DEF-00039,2024-01-10,C라인,주간,PRD-005,표면조도불량,냉각부족,경미,14,특채(조건부합격),INS-01
DEF-00040,2024-01-11,A라인,주간,PRD-003,외관불량,찍힘,심각,24,폐기,INS-05
DEF-00041,2024-01-11,A라인,주간,PRD-004,외관불량,스크래치,보통,14,폐기,INS-01
DEF-00042,2024-01-11,C라인,주간,PRD-001,크랙,과부하가공,심각,9,반품,INS-05
DEF-00043,2024-01-11,C라인,야간,PRD-003,표면조도불량,소재불량,경미,10,재작업,INS-04
DEF-00044,2024-01-12,A라인,야간,PRD-004,치수불량,소재경도편차,보통,14,폐기,INS-07
DEF-00045,2024-01-12,A라인,야간,PRD-003,외관불량,이물질부착,경미,14,특채(조건부합격),INS-08
DEF-00046,2024-01-12,C라인,야간,PRD-003,치수불량,셋업오류,보통,7,,INS-08
DEF-00047,2024-01-12,C라인,야간,PRD-005,치수불량,소재경도편차,보통,10,재작업,INS-04
DEF-00048,2024-01-12,C라인,주간,PRD-005,외관불량,버(burr)잔존,경미,10,재작업,INS-02
DEF-00049,2024-01-13,A라인,주간,PRD-003,형상불량,진원도초과,경미,5,재작업,INS-05
DEF-00050,2024-01-13,A라인,주간,PRD-003,외관불량,이물질부착,보통,9,재작업,INS-05
DEF-00051,2024-01-13,A라인,주간,PRD-001,형상불량,평탄도초과,심각,23,폐기,INS-06
DEF-00052,2024-01-13,C라인,야간,PRD-005,표면조도불량,소재불량,경미,5,특채(조건부합격),INS-02
DEF-00053,2024-01-13,C라인,야간,PRD-003,형상불량,동축도초과,보통,10,특채(조건부합격),INS-01
DEF-00054,2024-01-13,C라인,주간,PRD-003,크랙,열처리불량,보통,14,특채(조건부합격),INS-03
DEF-00055,2024-01-15,A라인,주간,PRD-004,표면조도불량,공구마모,보통,5,재작업,INS-04
DEF-00056,2024-01-15,A라인,야간,PRD-001,외관불량,버(burr)잔존,경미,13,특채(조건부합격),INS-06
DEF-00057,2024-01-16,B라인,주간,PRD-006,외관불량,스크래치,심각,23,폐기,INS-01
DEF-00058,2024-01-16,C라인,야간,PRD-003,외관불량,스크래치,심각,18,반품,INS-05
DEF-00059,2024-01-17,A라인,주간,PRD-001,외관불량,찍힘,심각,11,반품,INS-05
DEF-00060,2024-01-17,A라인,주간,PRD-003,외관불량,찍힘,심각,18,폐기,INS-03
DEF-00061,2024-01-17,A라인,야간,PRD-004,치수불량,측정오류,경미,9,재작업,INS-02
DEF-00062,2024-01-17,A라인,주간,PRD-001,외관불량,버(burr)잔존,보통,4,특채(조건부합격),INS-02
DEF-00063,2024-01-17,B라인,야간,PRD-002,형상불량,평탄도초과,경미,11,재작업,INS-06
DEF-00064,2024-01-17,C라인,주간,PRD-003,기타,조립불량,심각,23,폐기,INS-04
DEF-00065,2024-01-17,C라인,주간,PRD-003,외관불량,이물질부착,경미,8,특채(조건부합격),INS-08
DEF-00066,2024-01-18,C라인,주간,PRD-001,기타,포장손상,경미,5,재작업,INS-04
DEF-00067,2024-01-18,C라인,주간,PRD-001,외관불량,변색,보통,3,폐기,INS-01
DEF-00068,2024-01-19,A라인,주간,PRD-001,외관불량,버(burr)잔존,보통,2,특채(조건부합격),INS-01
DEF-00069,2024-01-19,A라인,야간,PRD-001,기타,조립불량,보통,9,폐기,INS-01
DEF-00070,2024-01-19,A라인,주간,PRD-003,외관불량,버(burr)잔존,보통,11,폐기,INS-05
DEF-00071,2024-01-19,A라인,주간,PRD-004,기타,라벨오류,경미,13,재작업,INS-01
DEF-00072,2024-01-19,B라인,주간,PRD-002,크랙,응력집중,심각,11,반품,INS-06
DEF-00073,2024-01-19,B라인,주간,PRD-005,치수불량,소재경도편차,경미,8,특채(조건부합격),INS-04
DEF-00074,2024-01-19,C라인,주간,PRD-005,표면조도불량,냉각부족,심각,13,반품,INS-02
DEF-00075,2024-01-19,C라인,주간,PRD-003,외관불량,버(burr)잔존,보통,3,폐기,INS-04
DEF-00076,2024-01-19,C라인,주간,PRD-005,외관불량,이물질부착,경미,3,재작업,INS-06
DEF-00077,2024-01-20,A라인,주간,PRD-004,크랙,열처리불량,보통,5,폐기,INS-04
DEF-00078,2024-01-20,A라인,야간,PRD-003,외관불량,변색,경미,4,특채(조건부합격),INS-06
DEF-00079,2024-01-22,A라인,주간,PRD-003,기타,세척불량,보통,7,폐기,INS-05
DEF-00080,2024-01-22,A라인,주간,PRD-004,형상불량,프로그램오류,보통,7,특채(조건부합격),INS-08
DEF-00081,2024-01-22,C라인,야간,PRD-003,외관불량,이물질부착,보통,7,특채(조건부합격),INS-05
DEF-00082,2024-01-22,C라인,주간,PRD-003,치수불량,소재경도편차,경미,9,특채(조건부합격),INS-01
DEF-00083,2024-01-23,A라인,야간,PRD-003,치수불량,공구마모,보통,11,폐기,INS-03
DEF-00084,2024-01-23,A라인,주간,PRD-003,치수불량,공구마모,보통,13,재작업,INS-01
DEF-00085,2024-01-23,A라인,야간,PRD-004,크랙,소재결함,보통,10,재작업,INS-04
DEF-00086,2024-01-23,A라인,주간,PRD-004,외관불량,찍힘,보통,4,특채(조건부합격),INS-03
DEF-00087,2024-01-23,B라인,야간,PRD-005,외관불량,버(burr)잔존,보통,5,특채(조건부합격),INS-03
DEF-00088,2024-01-23,C라인,야간,PRD-003,치수불량,측정오류,보통,5,재작업,INS-02
DEF-00089,2024-01-23,C라인,야간,PRD-001,외관불량,변색,경미,11,특채(조건부합격),INS-02
DEF-00090,2024-01-23,C라인,주간,PRD-003,기타,세척불량,보통,4,특채(조건부합격),INS-02
DEF-00091,2024-01-24,A라인,야간,PRD-004,표면조도불량,공구마모,경미,7,재작업,INS-04
DEF-00092,2024-01-24,C라인,주간,PRD-003,표면조도불량,절삭조건부적합,보통,4,재작업,INS-01
DEF-00093,2024-01-25,A라인,야간,PRD-001,치수불량,,보통,9,재작업,INS-04
DEF-00094,2024-01-25,A라인,주간,PRD-001,치수불량,열변형,보통,9,폐기,INS-01
DEF-00095,2024-01-25,C라인,야간,PRD-005,외관불량,이물질부착,보통,11,폐기,INS-04
DEF-00096,2024-01-25,C라인,야간,PRD-005,치수불량,공구마모,경미,5,재작업,INS-02
DEF-00097,2024-01-25,C라인,야간,PRD-005,외관불량,이물질부착,경미,2,특채(조건부합격),INS-06
DEF-00098,2024-01-26,A라인,야간,PRD-004,외관불량,찍힘,경미,11,재작업,INS-03
DEF-00099,2024-01-26,A라인,주간,PRD-003,치수불량,측정오류,보통,6,재작업,INS-02
DEF-00100,2024-01-26,C라인,야간,PRD-001,형상불량,진원도초과,심각,25,폐기,INS-08
DEF-00101,2024-01-27,A라인,주간,PRD-001,외관불량,찍힘,보통,13,재작업,INS-02
DEF-00102,2024-01-27,A라인,주간,PRD-001,치수불량,공구마모,심각,25,폐기,INS-02
DEF-00103,2024-01-27,A라인,주간,PRD-001,외관불량,스크래치,심각,19,폐기,INS-04
DEF-00104,2024-01-27,A라인,야간,PRD-003,형상불량,프로그램오류,경미,14,재작업,INS-06
DEF-00105,2024-01-27,B라인,주간,PRD-005,외관불량,스크래치,보통,10,재작업,INS-03
DEF-00106,2024-01-27,C라인,주간,PRD-005,형상불량,프로그램오류,심각,21,폐기,INS-03
DEF-00107,2024-01-29,A라인,야간,PRD-001,치수불량,셋업오류,경미,4,재작업,INS-05
DEF-00108,2024-01-30,A라인,주간,PRD-003,치수불량,셋업오류,보통,13,특채(조건부합격),INS-02
DEF-00109,2024-01-30,A라인,야간,PRD-003,표면조도불량,공구마모,보통,7,특채(조건부합격),INS-08
DEF-00110,2024-01-30,A라인,야간,PRD-003,치수불량,측정오류,심각,17,반품,INS-02
DEF-00111,2024-01-30,A라인,주간,PRD-004,치수불량,,보통,2,특채(조건부합격),INS-01
DEF-00112,2024-01-30,B라인,주간,PRD-006,표면조도불량,소재불량,보통,1,폐기,INS-01
DEF-00113,2024-01-30,B라인,야간,PRD-002,외관불량,이물질부착,보통,14,재작업,INS-07
DEF-00114,2024-01-30,C라인,야간,PRD-001,외관불량,,경미,2,특채(조건부합격),INS-07
DEF-00115,2024-01-31,A라인,야간,PRD-003,치수불량,소재경도편차,보통,10,폐기,INS-01
DEF-00116,2024-01-31,A라인,주간,PRD-004,치수불량,소재경도편차,경미,5,특채(조건부합격),INS-03
DEF-00117,2024-01-31,A라인,야간,PRD-001,치수불량,셋업오류,보통,10,특채(조건부합격),INS-02
DEF-00118,2024-01-31,B라인,야간,PRD-006,형상불량,프로그램오류,보통,9,재작업,INS-05
DEF-00119,2024-01-31,B라인,주간,PRD-006,치수불량,공구마모,보통,6,재작업,INS-02
DEF-00120,2024-01-31,B라인,야간,PRD-002,형상불량,진원도초과,보통,3,재작업,INS-03
DEF-00121,2024-01-31,B라인,야간,PRD-006,크랙,열처리불량,경미,7,특채(조건부합격),INS-02
DEF-00122,2024-01-31,C라인,야간,PRD-003,기타,포장손상,경미,14,,INS-07
DEF-00123,2024-01-31,C라인,주간,PRD-003,치수불량,열변형,심각,23,폐기,INS-05
DEF-00124,2024-01-31,C라인,야간,PRD-005,치수불량,소재경도편차,경미,10,재작업,INS-02
DEF-00125,2024-02-01,C라인,야간,PRD-003,외관불량,찍힘,보통,10,특채(조건부합격),INS-02
DEF-00126,2024-02-01,C라인,야간,PRD-003,외관불량,찍힘,경미,13,재작업,INS-02
DEF-00127,2024-02-02,A라인,야간,PRD-004,외관불량,스크래치,보통,6,특채(조건부합격),INS-04
DEF-00128,2024-02-03,A라인,야간,PRD-004,치수불량,셋업오류,경미,9,재작업,INS-01
DEF-00129,2024-02-03,A라인,야간,PRD-003,표면조도불량,냉각부족,경미,8,특채(조건부합격),INS-04
DEF-00130,2024-02-03,A라인,야간,PRD-003,형상불량,프로그램오류,보통,13,특채(조건부합격),INS-02
DEF-00131,2024-02-03,B라인,야간,PRD-002,크랙,응력집중,경미,6,재작업,INS-05
DEF-00132,2024-02-03,C라인,주간,PRD-003,표면조도불량,절삭조건부적합,경미,13,재작업,INS-01
DEF-00133,2024-02-03,C라인,야간,PRD-003,표면조도불량,공구마모,보통,8,재작업,INS-05
DEF-00134,2024-02-03,C라인,주간,PRD-001,외관불량,스크래치,보통,7,폐기,INS-06
DEF-00135,2024-02-05,A라인,주간,PRD-001,크랙,응력집중,보통,5,특채(조건부합격),INS-03
DEF-00136,2024-02-05,A라인,주간,PRD-004,외관불량,이물질부착,보통,4,폐기,INS-08
DEF-00137,2024-02-05,B라인,주간,PRD-006,외관불량,이물질부착,보통,3,특채(조건부합격),INS-04
DEF-00138,2024-02-05,C라인,야간,PRD-005,크랙,과부하가공,경미,2,재작업,INS-03
DEF-00139,2024-02-05,C라인,주간,PRD-005,표면조도불량,,경미,9,재작업,INS-06
DEF-00140,2024-02-05,C라인,주간,PRD-005,형상불량,평탄도초과,보통,2,재작업,INS-05
DEF-00141,2024-02-05,C라인,야간,PRD-001,외관불량,버(burr)잔존,경미,14,특채(조건부합격),INS-01
DEF-00142,2024-02-06,A라인,주간,PRD-001,기타,세척불량,보통,10,재작업,INS-08
DEF-00143,2024-02-06,A라인,야간,PRD-004,치수불량,셋업오류,경미,7,재작업,INS-06
DEF-00144,2024-02-06,A라인,야간,PRD-004,형상불량,프로그램오류,보통,5,재작업,INS-06
DEF-00145,2024-02-06,A라인,야간,PRD-001,외관불량,변색,경미,2,특채(조건부합격),INS-07
DEF-00146,2024-02-06,A라인,주간,PRD-001,형상불량,진원도초과,심각,22,폐기,INS-05
DEF-00147,2024-02-06,B라인,야간,PRD-005,외관불량,찍힘,경미,12,특채(조건부합격),INS-03
DEF-00148,2024-02-06,C라인,주간,PRD-005,외관불량,버(burr)잔존,경미,9,재작업,INS-03
DEF-00149,2024-02-07,A라인,야간,PRD-004,치수불량,셋업오류,경미,14,특채(조건부합격),INS-02
DEF-00150,2024-02-07,A라인,야간,PRD-001,외관불량,스크래치,경미,2,재작업,INS-03
DEF-00151,2024-02-07,C라인,야간,PRD-003,치수불량,측정오류,보통,11,재작업,INS-08
DEF-00152,2024-02-07,C라인,주간,PRD-001,외관불량,찍힘,보통,10,특채(조건부합격),INS-02
DEF-00153,2024-02-08,A라인,주간,PRD-004,외관불량,이물질부착,보통,13,특채(조건부합격),INS-05
DEF-00154,2024-02-08,A라인,야간,PRD-001,치수불량,셋업오류,경미,13,재작업,INS-02
DEF-00155,2024-02-08,C라인,야간,PRD-003,외관불량,찍힘,경미,10,재작업,INS-04
DEF-00156,2024-02-08,C라인,주간,PRD-005,치수불량,열변형,보통,7,폐기,INS-02
DEF-00157,2024-02-08,C라인,야간,PRD-005,크랙,과부하가공,심각,28,폐기,INS-03
DEF-00158,2024-02-08,C라인,야간,PRD-001,기타,라벨오류,보통,2,폐기,INS-07
DEF-00159,2024-02-08,C라인,주간,PRD-003,형상불량,동축도초과,보통,9,특채(조건부합격),INS-03
DEF-00160,2024-02-09,A라인,야간,PRD-004,외관불량,이물질부착,심각,10,반품,INS-07
DEF-00161,2024-02-09,A라인,야간,PRD-003,외관불량,스크래치,보통,14,재작업,INS-08
DEF-00162,2024-02-09,B라인,야간,PRD-002,치수불량,열변형,경미,1,특채(조건부합격),INS-05
DEF-00163,2024-02-09,C라인,주간,PRD-001,표면조도불량,소재불량,경미,12,재작업,INS-05
DEF-00164,2024-02-10,A라인,주간,PRD-004,외관불량,변색,보통,9,재작업,INS-06
DEF-00165,2024-02-10,A라인,주간,PRD-001,외관불량,이물질부착,심각,20,폐기,INS-03
DEF-00166,2024-02-10,C라인,야간,PRD-003,표면조도불량,냉각부족,보통,6,폐기,INS-07
DEF-00167,2024-02-12,A라인,주간,PRD-004,크랙,소재결함,보통,5,특채(조건부합격),INS-03
DEF-00168,2024-02-12,B라인,야간,PRD-002,외관불량,변색,보통,7,폐기,INS-04
DEF-00169,2024-02-12,B라인,주간,PRD-006,치수불량,소재경도편차,보통,5,폐기,INS-07
DEF-00170,2024-02-12,C라인,야간,PRD-003,치수불량,소재경도편차,보통,1,재작업,INS-03
DEF-00171,2024-02-13,A라인,야간,PRD-004,형상불량,프로그램오류,경미,14,특채(조건부합격),INS-03
DEF-00172,2024-02-13,A라인,주간,PRD-003,외관불량,찍힘,보통,2,특채(조건부합격),INS-05
DEF-00173,2024-02-13,A라인,야간,PRD-004,표면조도불량,소재불량,경미,13,특채(조건부합격),INS-02
DEF-00174,2024-02-13,A라인,야간,PRD-001,표면조도불량,소재불량,심각,11,폐기,INS-02
DEF-00175,2024-02-14,A라인,야간,PRD-004,치수불량,공구마모,보통,13,폐기,INS-02
DEF-00176,2024-02-14,A라인,야간,PRD-003,치수불량,소재경도편차,경미,12,재작업,INS-05
DEF-00177,2024-02-14,B라인,야간,PRD-002,외관불량,스크래치,경미,11,재작업,INS-06
DEF-00178,2024-02-14,B라인,야간,PRD-005,외관불량,변색,경미,3,재작업,INS-05
DEF-00179,2024-02-15,A라인,야간,PRD-004,외관불량,변색,경미,10,특채(조건부합격),INS-03
DEF-00180,2024-02-15,A라인,야간,PRD-003,표면조도불량,절삭조건부적합,심각,25,반품,INS-06
DEF-00181,2024-02-15,A라인,야간,PRD-001,외관불량,찍힘,경미,10,재작업,INS-02
DEF-00182,2024-02-15,B라인,주간,PRD-006,외관불량,스크래치,보통,4,특채(조건부합격),INS-03
DEF-00183,2024-02-15,C라인,야간,PRD-005,외관불량,버(burr)잔존,경미,4,재작업,INS-06
DEF-00184,2024-02-16,A라인,야간,PRD-003,표면조도불량,,경미,4,특채(조건부합격),INS-03
DEF-00185,2024-02-16,A라인,야간,PRD-001,치수불량,셋업오류,보통,10,폐기,INS-03
DEF-00186,2024-02-16,A라인,야간,PRD-001,크랙,응력집중,심각,13,반품,INS-07
DEF-00187,2024-02-16,B라인,주간,PRD-005,기타,포장손상,보통,12,재작업,INS-03
DEF-00188,2024-02-16,C라인,주간,PRD-003,표면조도불량,냉각부족,보통,6,폐기,INS-07
DEF-00189,2024-02-16,C라인,야간,PRD-005,치수불량,열변형,보통,12,특채(조건부합격),INS-06
DEF-00190,2024-02-16,C라인,주간,PRD-005,외관불량,버(burr)잔존,심각,19,폐기,INS-08
DEF-00191,2024-02-17,A라인,야간,PRD-001,외관불량,찍힘,보통,6,폐기,INS-03
DEF-00192,2024-02-17,A라인,주간,PRD-004,형상불량,동축도초과,보통,2,특채(조건부합격),INS-06
DEF-00193,2024-02-17,C라인,주간,PRD-001,외관불량,찍힘,보통,3,재작업,INS-02
DEF-00194,2024-02-19,A라인,야간,PRD-001,외관불량,스크래치,경미,14,재작업,INS-04
DEF-00195,2024-02-19,A라인,야간,PRD-001,치수불량,소재경도편차,심각,26,폐기,INS-04
DEF-00196,2024-02-19,B라인,주간,PRD-006,크랙,과부하가공,심각,7,반품,INS-03
DEF-00197,2024-02-19,C라인,야간,PRD-003,외관불량,,보통,5,재작업,INS-08
DEF-00198,2024-02-19,C라인,주간,PRD-005,외관불량,변색,보통,8,재작업,INS-06
DEF-00199,2024-02-20,A라인,야간,PRD-003,외관불량,버(burr)잔존,보통,5,폐기,INS-02
DEF-00200,2024-02-20,B라인,주간,PRD-005,표면조도불량,절삭조건부적합,보통,13,폐기,INS-01
DEF-00201,2024-02-20,C라인,주간,PRD-001,치수불량,셋업오류,보통,13,폐기,INS-04
DEF-00202,2024-02-21,A라인,야간,PRD-001,표면조도불량,절삭조건부적합,보통,12,특채(조건부합격),INS-05
DEF-00203,2024-02-21,A라인,주간,PRD-001,치수불량,측정오류,경미,12,특채(조건부합격),INS-03
DEF-00204,2024-02-21,B라인,주간,PRD-006,외관불량,변색,경미,5,특채(조건부합격),INS-06
DEF-00205,2024-02-21,B라인,야간,PRD-002,치수불량,측정오류,보통,9,폐기,INS-08
DEF-00206,2024-02-22,A라인,주간,PRD-003,크랙,열처리불량,보통,1,,INS-05
DEF-00207,2024-02-22,B라인,야간,PRD-006,표면조도불량,공구마모,심각,13,반품,INS-02
DEF-00208,2024-02-23,B라인,야간,PRD-002,표면조도불량,공구마모,심각,11,폐기,INS-02
DEF-00209,2024-02-24,A라인,야간,PRD-003,표면조도불량,냉각부족,심각,20,반품,INS-03
DEF-00210,2024-02-24,A라인,주간,PRD-004,외관불량,변색,경미,7,재작업,INS-03
DEF-00211,2024-02-24,C라인,주간,PRD-005,치수불량,소재경도편차,보통,11,재작업,INS-01
DEF-00212,2024-02-24,C라인,주간,PRD-001,표면조도불량,소재불량,경미,2,재작업,INS-07
DEF-00213,2024-02-26,A라인,주간,PRD-003,치수불량,셋업오류,경미,6,특채(조건부합격),INS-07
DEF-00214,2024-02-26,A라인,주간,PRD-003,기타,포장손상,경미,10,재작업,INS-03
DEF-00215,2024-02-27,A라인,야간,PRD-001,형상불량,,심각,21,반품,INS-04
DEF-00216,2024-02-27,A라인,주간,PRD-001,치수불량,셋업오류,경미,11,특채(조건부합격),INS-04
DEF-00217,2024-02-27,B라인,야간,PRD-005,형상불량,진원도초과,경미,9,재작업,INS-08
DEF-00218,2024-02-27,C라인,야간,PRD-001,치수불량,측정오류,경미,13,특채(조건부합격),INS-02
DEF-00219,2024-02-28,A라인,주간,PRD-004,치수불량,측정오류,심각,15,반품,INS-05
DEF-00220,2024-02-28,B라인,주간,PRD-006,외관불량,이물질부착,경미,4,특채(조건부합격),INS-01
DEF-00221,2024-02-28,C라인,야간,PRD-005,표면조도불량,절삭조건부적합,경미,10,재작업,INS-02
DEF-00222,2024-02-28,C라인,야간,PRD-001,형상불량,평탄도초과,경미,3,특채(조건부합격),INS-06
DEF-00223,2024-02-29,A라인,주간,PRD-001,치수불량,측정오류,경미,1,재작업,INS-08
DEF-00224,2024-02-29,A라인,주간,PRD-003,치수불량,측정오류,경미,5,특채(조건부합격),INS-05
DEF-00225,2024-02-29,C라인,주간,PRD-001,외관불량,이물질부착,경미,3,특채(조건부합격),INS-06
DEF-00226,2024-03-01,A라인,야간,PRD-004,크랙,열처리불량,보통,14,재작업,INS-01
DEF-00227,2024-03-01,A라인,주간,PRD-004,표면조도불량,소재불량,심각,15,폐기,INS-05
DEF-00228,2024-03-01,A라인,주간,PRD-004,치수불량,소재경도편차,보통,10,폐기,INS-07
DEF-00229,2024-03-01,A라인,야간,PRD-001,외관불량,찍힘,경미,13,재작업,INS-06
DEF-00230,2024-03-01,A라인,야간,PRD-004,외관불량,변색,심각,28,반품,INS-04
DEF-00231,2024-03-01,B라인,야간,PRD-005,치수불량,열변형,보통,13,폐기,INS-05
DEF-00232,2024-03-01,C라인,주간,PRD-001,크랙,소재결함,보통,9,특채(조건부합격),INS-07
DEF-00233,2024-03-01,C라인,야간,PRD-001,표면조도불량,냉각부족,경미,5,특채(조건부합격),INS-01
DEF-00234,2024-03-01,C라인,야간,PRD-001,기타,조립불량,보통,5,폐기,INS-08
DEF-00235,2024-03-02,A라인,야간,PRD-003,외관불량,스크래치,심각,18,반품,INS-04
DEF-00236,2024-03-02,A라인,야간,PRD-004,외관불량,스크래치,경미,2,특채(조건부합격),INS-08
DEF-00237,2024-03-02,B라인,주간,PRD-005,외관불량,찍힘,보통,7,폐기,INS-08
DEF-00238,2024-03-02,C라인,야간,PRD-005,기타,조립불량,보통,5,재작업,INS-01
DEF-00239,2024-03-02,C라인,주간,PRD-005,기타,조립불량,보통,10,특채(조건부합격),INS-02
DEF-00240,2024-03-04,A라인,야간,PRD-004,치수불량,공구마모,경미,13,특채(조건부합격),INS-03
DEF-00241,2024-03-04,A라인,야간,PRD-003,치수불량,측정오류,경미,9,특채(조건부합격),INS-03
DEF-00242,2024-03-04,A라인,야간,PRD-004,치수불량,측정오류,보통,5,특채(조건부합격),INS-02
DEF-00243,2024-03-04,B라인,주간,PRD-005,치수불량,셋업오류,경미,12,특채(조건부합격),INS-08
DEF-00244,2024-03-04,B라인,주간,PRD-005,외관불량,스크래치,보통,1,폐기,INS-06
DEF-00245,2024-03-04,C라인,주간,PRD-005,외관불량,버(burr)잔존,보통,1,재작업,INS-08
DEF-00246,2024-03-05,A라인,야간,PRD-004,치수불량,측정오류,경미,1,재작업,INS-04
DEF-00247,2024-03-05,A라인,주간,PRD-001,외관불량,찍힘,보통,2,폐기,INS-01
DEF-00248,2024-03-05,B라인,야간,PRD-005,치수불량,측정오류,보통,11,특채(조건부합격),INS-05
DEF-00249,2024-03-05,C라인,야간,PRD-005,기타,조립불량,경미,12,재작업,INS-06
DEF-00250,2024-03-05,C라인,야간,PRD-001,기타,조립불량,보통,4,재작업,INS-03
DEF-00251,2024-03-06,A라인,야간,PRD-003,크랙,소재결함,경미,10,특채(조건부합격),INS-04
DEF-00252,2024-03-06,C라인,야간,PRD-003,외관불량,변색,보통,11,재작업,INS-01
DEF-00253,2024-03-06,C라인,야간,PRD-003,크랙,소재결함,경미,8,특채(조건부합격),INS-07
DEF-00254,2024-03-07,A라인,야간,PRD-003,크랙,열처리불량,보통,1,특채(조건부합격),INS-05
DEF-00255,2024-03-07,A라인,주간,PRD-001,외관불량,찍힘,보통,8,폐기,INS-01
DEF-00256,2024-03-07,A라인,야간,PRD-001,치수불량,열변형,보통,6,특채(조건부합격),INS-06
DEF-00257,2024-03-07,A라인,주간,PRD-004,외관불량,변색,경미,2,특채(조건부합격),INS-06
DEF-00258,2024-03-07,A라인,야간,PRD-003,외관불량,스크래치,보통,6,특채(조건부합격),INS-05
DEF-00259,2024-03-07,A라인,주간,PRD-003,형상불량,,경미,7,특채(조건부합격),INS-03
DEF-00260,2024-03-07,B라인,야간,PRD-006,외관불량,이물질부착,경미,10,특채(조건부합격),INS-01
DEF-00261,2024-03-07,B라인,주간,PRD-002,치수불량,측정오류,보통,1,폐기,INS-02
DEF-00262,2024-03-07,C라인,주간,PRD-001,치수불량,열변형,경미,14,재작업,INS-03
DEF-00263,2024-03-07,C라인,주간,PRD-005,외관불량,스크래치,경미,9,재작업,INS-07
DEF-00264,2024-03-08,A라인,주간,PRD-003,치수불량,측정오류,보통,9,폐기,INS-04
DEF-00265,2024-03-08,A라인,주간,PRD-003,외관불량,버(burr)잔존,심각,7,반품,INS-05
DEF-00266,2024-03-08,A라인,야간,PRD-003,크랙,소재결함,보통,7,특채(조건부합격),INS-07
DEF-00267,2024-03-08,C라인,야간,PRD-001,치수불량,측정오류,경미,11,재작업,INS-04
DEF-00268,2024-03-08,C라인,주간,PRD-003,크랙,응력집중,보통,2,폐기,INS-03
DEF-00269,2024-03-09,A라인,야간,PRD-001,형상불량,프로그램오류,보통,10,폐기,INS-04
DEF-00270,2024-03-09,A라인,야간,PRD-004,외관불량,변색,보통,10,재작업,INS-06
DEF-00271,2024-03-09,B라인,야간,PRD-002,외관불량,버(burr)잔존,보통,11,폐기,INS-06
DEF-00272,2024-03-09,C라인,야간,PRD-001,외관불량,스크래치,보통,8,폐기,INS-03
DEF-00273,2024-03-11,A라인,야간,PRD-003,외관불량,찍힘,경미,11,특채(조건부합격),INS-03
DEF-00274,2024-03-11,A라인,야간,PRD-001,외관불량,버(burr)잔존,경미,2,특채(조건부합격),INS-07
DEF-00275,2024-03-11,B라인,야간,PRD-005,표면조도불량,냉각부족,심각,20,폐기,INS-07
DEF-00276,2024-03-11,C라인,야간,PRD-001,치수불량,소재경도편차,심각,6,폐기,INS-08
DEF-00277,2024-03-12,A라인,야간,PRD-004,치수불량,열변형,경미,1,재작업,INS-03
DEF-00278,2024-03-12,A라인,야간,PRD-003,치수불량,공구마모,보통,11,폐기,INS-07
DEF-00279,2024-03-12,A라인,주간,PRD-004,형상불량,평탄도초과,보통,7,특채(조건부합격),INS-03
DEF-00280,2024-03-12,C라인,주간,PRD-003,외관불량,이물질부착,보통,8,폐기,INS-08
DEF-00281,2024-03-12,C라인,주간,PRD-005,표면조도불량,냉각부족,경미,8,재작업,INS-02
DEF-00282,2024-03-12,C라인,야간,PRD-001,외관불량,스크래치,심각,26,반품,INS-02
DEF-00283,2024-03-12,C라인,주간,PRD-001,표면조도불량,소재불량,보통,14,특채(조건부합격),INS-03
DEF-00284,2024-03-12,C라인,주간,PRD-003,치수불량,측정오류,보통,6,재작업,INS-05
DEF-00285,2024-03-12,C라인,야간,PRD-001,외관불량,스크래치,경미,3,재작업,INS-04
DEF-00286,2024-03-13,C라인,야간,PRD-005,외관불량,이물질부착,보통,11,특채(조건부합격),INS-07
DEF-00287,2024-03-13,C라인,주간,PRD-005,크랙,소재결함,경미,12,재작업,INS-08
DEF-00288,2024-03-14,A라인,주간,PRD-001,치수불량,열변형,보통,10,재작업,INS-08
DEF-00289,2024-03-14,A라인,주간,PRD-001,치수불량,열변형,보통,6,재작업,INS-01
DEF-00290,2024-03-14,C라인,주간,PRD-005,외관불량,변색,보통,5,폐기,INS-08
DEF-00291,2024-03-15,A라인,야간,PRD-003,형상불량,진원도초과,심각,10,폐기,INS-02
DEF-00292,2024-03-15,A라인,야간,PRD-003,치수불량,열변형,경미,7,재작업,INS-04
DEF-00293,2024-03-15,A라인,주간,PRD-001,크랙,소재결함,보통,9,폐기,INS-02
DEF-00294,2024-03-15,A라인,주간,PRD-004,치수불량,소재경도편차,심각,5,폐기,INS-05
DEF-00295,2024-03-15,B라인,주간,PRD-006,외관불량,찍힘,심각,10,반품,INS-07
DEF-00296,2024-03-15,B라인,주간,PRD-005,외관불량,찍힘,보통,11,특채(조건부합격),INS-06
DEF-00297,2024-03-16,A라인,야간,PRD-003,표면조도불량,공구마모,보통,10,재작업,INS-05
DEF-00298,2024-03-16,A라인,주간,PRD-001,크랙,과부하가공,심각,19,폐기,INS-05
DEF-00299,2024-03-16,C라인,야간,PRD-003,크랙,소재결함,보통,14,재작업,INS-08
DEF-00300,2024-03-18,A라인,야간,PRD-001,치수불량,셋업오류,경미,9,재작업,INS-01
DEF-00301,2024-03-18,A라인,야간,PRD-004,외관불량,스크래치,심각,8,폐기,INS-04
DEF-00302,2024-03-19,A라인,주간,PRD-004,기타,라벨오류,경미,13,재작업,INS-02
DEF-00303,2024-03-20,A라인,주간,PRD-004,외관불량,찍힘,경미,8,재작업,INS-08
DEF-00304,2024-03-20,A라인,야간,PRD-003,치수불량,공구마모,경미,6,재작업,INS-02
DEF-00305,2024-03-20,A라인,야간,PRD-001,표면조도불량,절삭조건부적합,경미,9,재작업,INS-04
DEF-00306,2024-03-20,C라인,주간,PRD-005,외관불량,,보통,9,폐기,INS-08
DEF-00307,2024-03-20,C라인,주간,PRD-001,크랙,과부하가공,경미,5,재작업,INS-06
DEF-00308,2024-03-21,A라인,야간,PRD-003,외관불량,스크래치,경미,7,재작업,INS-07
DEF-00309,2024-03-21,A라인,야간,PRD-004,치수불량,열변형,경미,7,재작업,INS-04
DEF-00310,2024-03-21,A라인,주간,PRD-004,기타,포장손상,심각,11,반품,INS-05
DEF-00311,2024-03-21,A라인,야간,PRD-001,치수불량,열변형,보통,2,특채(조건부합격),INS-02
DEF-00312,2024-03-21,A라인,주간,PRD-003,외관불량,스크래치,경미,8,특채(조건부합격),INS-04
DEF-00313,2024-03-21,A라인,야간,PRD-004,외관불량,스크래치,보통,6,폐기,INS-04
DEF-00314,2024-03-21,B라인,주간,PRD-005,표면조도불량,냉각부족,경미,7,재작업,INS-06
DEF-00315,2024-03-21,C라인,주간,PRD-003,외관불량,스크래치,보통,8,재작업,INS-08
DEF-00316,2024-03-21,C라인,야간,PRD-001,외관불량,찍힘,경미,2,특채(조건부합격),INS-01
DEF-00317,2024-03-23,A라인,야간,PRD-001,표면조도불량,공구마모,경미,13,특채(조건부합격),INS-05
DEF-00318,2024-03-23,A라인,주간,PRD-001,형상불량,동축도초과,보통,6,재작업,INS-05
DEF-00319,2024-03-25,A라인,야간,PRD-003,치수불량,측정오류,보통,3,폐기,INS-02
DEF-00320,2024-03-25,A라인,야간,PRD-003,외관불량,찍힘,경미,10,재작업,INS-08
DEF-00321,2024-03-25,A라인,주간,PRD-004,기타,라벨오류,경미,11,재작업,INS-06
DEF-00322,2024-03-25,B라인,주간,PRD-002,표면조도불량,소재불량,경미,1,특채(조건부합격),INS-03
DEF-00323,2024-03-25,B라인,주간,PRD-002,크랙,열처리불량,경미,13,재작업,INS-06
DEF-00324,2024-03-25,C라인,야간,PRD-005,기타,조립불량,경미,6,재작업,INS-03
DEF-00325,2024-03-26,A라인,주간,PRD-001,치수불량,측정오류,보통,11,재작업,INS-01
DEF-00326,2024-03-26,C라인,야간,PRD-005,표면조도불량,냉각부족,경미,2,특채(조건부합격),INS-01
DEF-00327,2024-03-26,C라인,야간,PRD-001,치수불량,열변형,경미,1,재작업,INS-07
DEF-00328,2024-03-27,A라인,주간,PRD-003,외관불량,이물질부착,보통,7,특채(조건부합격),INS-03
DEF-00329,2024-03-27,A라인,야간,PRD-003,치수불량,측정오류,심각,11,폐기,INS-02
DEF-00330,2024-03-27,A라인,주간,PRD-004,외관불량,스크래치,보통,11,폐기,INS-03
DEF-00331,2024-03-27,A라인,야간,PRD-003,치수불량,소재경도편차,보통,6,재작업,INS-02
DEF-00332,2024-03-27,B라인,야간,PRD-005,외관불량,스크래치,경미,11,재작업,INS-02
DEF-00333,2024-03-27,C라인,주간,PRD-003,외관불량,이물질부착,보통,10,폐기,INS-05
DEF-00334,2024-03-27,C라인,주간,PRD-005,외관불량,스크래치,심각,17,반품,INS-04
DEF-00335,2024-03-28,A라인,주간,PRD-001,외관불량,스크래치,경미,5,특채(조건부합격),INS-06
DEF-00336,2024-03-28,C라인,주간,PRD-003,외관불량,버(burr)잔존,보통,14,폐기,INS-06
DEF-00337,2024-03-29,B라인,야간,PRD-006,기타,세척불량,보통,7,폐기,INS-05
DEF-00338,2024-03-29,C라인,야간,PRD-003,기타,세척불량,경미,7,특채(조건부합격),INS-07
DEF-00339,2024-03-29,C라인,야간,PRD-005,치수불량,공구마모,경미,3,특채(조건부합격),INS-06
DEF-00340,2024-03-29,C라인,주간,PRD-005,외관불량,스크래치,보통,14,폐기,INS-01
DEF-00341,2024-03-30,A라인,주간,PRD-001,치수불량,측정오류,경미,11,특채(조건부합격),INS-06
DEF-00342,2024-03-30,A라인,주간,PRD-004,크랙,열처리불량,보통,9,재작업,INS-03
DEF-00343,2024-03-30,C라인,야간,PRD-001,외관불량,스크래치,심각,5,반품,INS-05
DEF-00344,2024-03-30,C라인,주간,PRD-001,외관불량,변색,심각,21,폐기,INS-01
DEF-00345,2024-04-01,A라인,주간,PRD-003,형상불량,동축도초과,경미,14,재작업,INS-08
DEF-00346,2024-04-01,A라인,야간,PRD-004,치수불량,,경미,2,재작업,INS-08
DEF-00347,2024-04-01,A라인,야간,PRD-001,형상불량,평탄도초과,경미,5,재작업,INS-06
DEF-00348,2024-04-01,A라인,야간,PRD-001,표면조도불량,공구마모,보통,9,폐기,INS-07
DEF-00349,2024-04-01,B라인,주간,PRD-006,외관불량,버(burr)잔존,보통,10,특채(조건부합격),INS-06
DEF-00350,2024-04-02,A라인,주간,PRD-003,치수불량,셋업오류,보통,4,재작업,INS-05
DEF-00351,2024-04-02,A라인,주간,PRD-003,외관불량,이물질부착,심각,14,반품,INS-07
DEF-00352,2024-04-02,B라인,주간,PRD-002,크랙,소재결함,보통,1,폐기,INS-07
DEF-00353,2024-04-02,B라인,야간,PRD-006,외관불량,이물질부착,경미,3,특채(조건부합격),INS-01
DEF-00354,2024-04-02,C라인,주간,PRD-005,외관불량,이물질부착,경미,10,재작업,INS-05
DEF-00355,2024-04-02,C라인,주간,PRD-005,표면조도불량,절삭조건부적합,보통,8,재작업,INS-07
DEF-00356,2024-04-02,C라인,주간,PRD-005,크랙,소재결함,경미,2,재작업,INS-06
DEF-00357,2024-04-03,A라인,주간,PRD-001,표면조도불량,절삭조건부적합,보통,11,특채(조건부합격),INS-01
DEF-00358,2024-04-03,B라인,주간,PRD-002,표면조도불량,소재불량,보통,10,특채(조건부합격),INS-02
DEF-00359,2024-04-04,A라인,주간,PRD-003,치수불량,측정오류,보통,11,재작업,INS-07
DEF-00360,2024-04-04,A라인,야간,PRD-001,표면조도불량,공구마모,보통,1,재작업,INS-03
DEF-00361,2024-04-04,B라인,주간,PRD-005,치수불량,공구마모,보통,11,재작업,INS-01
DEF-00362,2024-04-04,C라인,야간,PRD-005,치수불량,소재경도편차,경미,8,재작업,INS-07
DEF-00363,2024-04-04,C라인,주간,PRD-003,외관불량,버(burr)잔존,보통,10,재작업,INS-01
DEF-00364,2024-04-04,C라인,주간,PRD-001,외관불량,,경미,5,특채(조건부합격),INS-05
DEF-00365,2024-04-05,A라인,야간,PRD-001,외관불량,이물질부착,보통,8,특채(조건부합격),INS-07
DEF-00366,2024-04-05,B라인,야간,PRD-005,형상불량,프로그램오류,보통,10,특채(조건부합격),INS-08
DEF-00367,2024-04-05,B라인,야간,PRD-006,형상불량,평탄도초과,보통,5,특채(조건부합격),INS-01
DEF-00368,2024-04-05,C라인,야간,PRD-003,외관불량,찍힘,경미,11,특채(조건부합격),INS-08
DEF-00369,2024-04-06,B라인,주간,PRD-005,치수불량,,보통,2,재작업,INS-06
DEF-00370,2024-04-06,B라인,주간,PRD-005,외관불량,이물질부착,경미,7,특채(조건부합격),INS-05
DEF-00371,2024-04-06,B라인,주간,PRD-005,형상불량,동축도초과,심각,23,반품,INS-06
DEF-00372,2024-04-08,A라인,주간,PRD-001,기타,라벨오류,경미,13,재작업,INS-03
DEF-00373,2024-04-08,A라인,주간,PRD-004,외관불량,이물질부착,보통,13,폐기,INS-05
DEF-00374,2024-04-08,A라인,주간,PRD-001,표면조도불량,,경미,10,재작업,INS-05
DEF-00375,2024-04-08,B라인,야간,PRD-005,치수불량,셋업오류,심각,25,반품,INS-07
DEF-00376,2024-04-09,A라인,야간,PRD-001,치수불량,열변형,보통,4,특채(조건부합격),INS-06
DEF-00377,2024-04-09,B라인,야간,PRD-005,외관불량,이물질부착,경미,8,재작업,INS-06
DEF-00378,2024-04-09,C라인,주간,PRD-005,형상불량,동축도초과,경미,10,특채(조건부합격),INS-04
DEF-00379,2024-04-10,A라인,주간,PRD-001,치수불량,열변형,보통,10,폐기,INS-02
DEF-00380,2024-04-10,C라인,주간,PRD-001,치수불량,공구마모,경미,12,특채(조건부합격),INS-02
DEF-00381,2024-04-10,C라인,야간,PRD-001,치수불량,측정오류,보통,12,폐기,INS-06
DEF-00382,2024-04-10,C라인,야간,PRD-005,치수불량,소재경도편차,보통,3,특채(조건부합격),INS-02
DEF-00383,2024-04-11,C라인,주간,PRD-005,표면조도불량,소재불량,보통,4,재작업,INS-07
DEF-00384,2024-04-11,C라인,야간,PRD-003,외관불량,버(burr)잔존,심각,10,폐기,INS-08
DEF-00385,2024-04-12,A라인,야간,PRD-001,외관불량,찍힘,심각,11,반품,INS-03
DEF-00386,2024-04-12,A라인,주간,PRD-001,표면조도불량,공구마모,심각,22,폐기,INS-06
DEF-00387,2024-04-12,B라인,주간,PRD-002,치수불량,측정오류,심각,21,폐기,INS-03
DEF-00388,2024-04-12,C라인,주간,PRD-003,형상불량,프로그램오류,보통,1,폐기,INS-08
DEF-00389,2024-04-12,C라인,주간,PRD-001,치수불량,공구마모,경미,7,재작업,INS-04
DEF-00390,2024-04-12,C라인,야간,PRD-001,치수불량,측정오류,경미,14,재작업,INS-01
DEF-00391,2024-04-13,A라인,야간,PRD-001,치수불량,열변형,보통,7,특채(조건부합격),INS-03
DEF-00392,2024-04-13,A라인,주간,PRD-003,치수불량,셋업오류,보통,3,폐기,INS-06
DEF-00393,2024-04-13,A라인,야간,PRD-004,형상불량,프로그램오류,보통,10,폐기,INS-06
DEF-00394,2024-04-13,A라인,주간,PRD-001,치수불량,셋업오류,경미,6,재작업,INS-01
DEF-00395,2024-04-13,B라인,야간,PRD-005,치수불량,열변형,보통,11,재작업,INS-06
DEF-00396,2024-04-13,B라인,야간,PRD-006,크랙,열처리불량,경미,5,재작업,INS-08
DEF-00397,2024-04-13,C라인,주간,PRD-005,표면조도불량,공구마모,심각,10,폐기,INS-03
DEF-00398,2024-04-13,C라인,야간,PRD-005,치수불량,측정오류,보통,7,폐기,INS-03
DEF-00399,2024-04-13,C라인,주간,PRD-001,외관불량,찍힘,보통,12,폐기,INS-06
DEF-00400,2024-04-15,A라인,주간,PRD-003,치수불량,열변형,보통,14,폐기,INS-02
DEF-00401,2024-04-15,A라인,주간,PRD-001,형상불량,동축도초과,경미,12,특채(조건부합격),INS-05
DEF-00402,2024-04-15,A라인,주간,PRD-001,치수불량,셋업오류,경미,9,재작업,INS-08
DEF-00403,2024-04-15,A라인,야간,PRD-003,외관불량,,보통,10,폐기,INS-08
DEF-00404,2024-04-15,B라인,주간,PRD-006,치수불량,,경미,5,재작업,INS-07
DEF-00405,2024-04-15,C라인,야간,PRD-003,표면조도불량,공구마모,보통,2,폐기,INS-08
DEF-00406,2024-04-15,C라인,주간,PRD-005,표면조도불량,냉각부족,경미,14,재작업,INS-03
DEF-00407,2024-04-15,C라인,주간,PRD-005,외관불량,찍힘,경미,3,특채(조건부합격),INS-06
DEF-00408,2024-04-16,A라인,주간,PRD-004,외관불량,스크래치,보통,4,특채(조건부합격),INS-02
DEF-00409,2024-04-16,A라인,야간,PRD-003,형상불량,동축도초과,경미,3,특채(조건부합격),INS-08
DEF-00410,2024-04-16,A라인,주간,PRD-003,표면조도불량,공구마모,보통,1,특채(조건부합격),INS-07
DEF-00411,2024-04-16,B라인,주간,PRD-006,표면조도불량,소재불량,보통,14,폐기,INS-02
DEF-00412,2024-04-16,B라인,주간,PRD-005,치수불량,소재경도편차,경미,3,특채(조건부합격),INS-08
DEF-00413,2024-04-16,C라인,주간,PRD-005,치수불량,소재경도편차,보통,4,폐기,INS-04
DEF-00414,2024-04-17,A라인,주간,PRD-004,외관불량,변색,보통,6,특채(조건부합격),INS-03
DEF-00415,2024-04-17,B라인,주간,PRD-002,크랙,소재결함,경미,1,재작업,INS-02
DEF-00416,2024-04-17,C라인,주간,PRD-003,외관불량,버(burr)잔존,심각,19,반품,INS-06
DEF-00417,2024-04-18,A라인,주간,PRD-001,표면조도불량,냉각부족,심각,17,폐기,INS-04
DEF-00418,2024-04-18,B라인,주간,PRD-002,외관불량,변색,경미,13,재작업,INS-04
DEF-00419,2024-04-18,C라인,주간,PRD-005,외관불량,이물질부착,보통,2,특채(조건부합격),INS-08
DEF-00420,2024-04-19,A라인,야간,PRD-004,외관불량,스크래치,경미,4,특채(조건부합격),INS-03
DEF-00421,2024-04-19,A라인,주간,PRD-004,크랙,응력집중,보통,11,폐기,INS-08
DEF-00422,2024-04-19,B라인,주간,PRD-005,외관불량,스크래치,보통,1,특채(조건부합격),INS-06
DEF-00423,2024-04-19,B라인,주간,PRD-006,형상불량,동축도초과,경미,12,특채(조건부합격),INS-02
DEF-00424,2024-04-20,A라인,야간,PRD-004,크랙,소재결함,보통,2,특채(조건부합격),INS-06
DEF-00425,2024-04-20,A라인,주간,PRD-001,치수불량,측정오류,경미,2,특채(조건부합격),INS-08
DEF-00426,2024-04-20,B라인,야간,PRD-005,외관불량,변색,보통,9,재작업,INS-05
DEF-00427,2024-04-22,C라인,주간,PRD-001,형상불량,프로그램오류,보통,4,재작업,INS-03
DEF-00428,2024-04-22,C라인,야간,PRD-003,형상불량,진원도초과,보통,10,재작업,INS-03
DEF-00429,2024-04-22,C라인,야간,PRD-003,치수불량,열변형,보통,11,재작업,INS-02
DEF-00430,2024-04-23,B라인,주간,PRD-002,외관불량,버(burr)잔존,경미,2,특채(조건부합격),INS-06
DEF-00431,2024-04-23,C라인,주간,PRD-001,외관불량,변색,보통,9,폐기,INS-06
DEF-00432,2024-04-23,C라인,야간,PRD-003,기타,포장손상,보통,6,폐기,INS-03
DEF-00433,2024-04-24,B라인,주간,PRD-005,형상불량,프로그램오류,보통,1,특채(조건부합격),INS-06
DEF-00434,2024-04-24,B라인,주간,PRD-006,외관불량,이물질부착,보통,3,폐기,INS-01
DEF-00435,2024-04-24,C라인,주간,PRD-003,형상불량,동축도초과,보통,13,특채(조건부합격),INS-08
DEF-00436,2024-04-25,A라인,야간,PRD-003,치수불량,공구마모,보통,10,재작업,INS-08
DEF-00437,2024-04-25,A라인,주간,PRD-001,외관불량,스크래치,경미,4,특채(조건부합격),INS-02
DEF-00438,2024-04-25,A라인,주간,PRD-003,형상불량,,심각,10,반품,INS-02
DEF-00439,2024-04-25,A라인,주간,PRD-003,외관불량,찍힘,보통,7,폐기,INS-02
DEF-00440,2024-04-25,A라인,주간,PRD-004,외관불량,,심각,5,폐기,INS-07
DEF-00441,2024-04-25,B라인,야간,PRD-002,크랙,열처리불량,보통,5,재작업,INS-04
DEF-00442,2024-04-25,C라인,야간,PRD-001,크랙,소재결함,보통,3,특채(조건부합격),INS-07
DEF-00443,2024-04-26,A라인,야간,PRD-003,외관불량,이물질부착,보통,10,재작업,INS-01
DEF-00444,2024-04-26,C라인,주간,PRD-005,외관불량,이물질부착,보통,3,재작업,INS-07
DEF-00445,2024-04-26,C라인,주간,PRD-001,외관불량,이물질부착,경미,1,재작업,INS-08
DEF-00446,2024-04-26,C라인,야간,PRD-001,치수불량,셋업오류,보통,10,재작업,INS-04
DEF-00447,2024-04-27,A라인,주간,PRD-001,표면조도불량,절삭조건부적합,보통,4,특채(조건부합격),INS-01
DEF-00448,2024-04-27,A라인,주간,PRD-004,외관불량,스크래치,보통,11,재작업,INS-08
DEF-00449,2024-04-27,B라인,야간,PRD-005,치수불량,열변형,심각,15,반품,INS-05
DEF-00450,2024-04-27,B라인,주간,PRD-006,크랙,과부하가공,경미,5,특채(조건부합격),INS-06
DEF-00451,2024-04-27,B라인,주간,PRD-006,형상불량,동축도초과,경미,10,특채(조건부합격),INS-04
DEF-00452,2024-04-27,C라인,주간,PRD-005,외관불량,버(burr)잔존,보통,6,재작업,INS-04
DEF-00453,2024-04-27,C라인,야간,PRD-005,크랙,과부하가공,경미,5,특채(조건부합격),INS-05
DEF-00454,2024-04-27,C라인,주간,PRD-005,외관불량,찍힘,경미,1,재작업,INS-03
DEF-00455,2024-04-29,A라인,야간,PRD-003,외관불량,버(burr)잔존,경미,3,특채(조건부합격),INS-08
DEF-00456,2024-04-29,B라인,야간,PRD-006,표면조도불량,절삭조건부적합,보통,14,재작업,INS-02
DEF-00457,2024-04-30,C라인,야간,PRD-005,크랙,열처리불량,경미,8,재작업,INS-04
DEF-00458,2024-04-30,C라인,주간,PRD-003,외관불량,,보통,8,폐기,INS-04
DEF-00459,2024-05-01,A라인,주간,PRD-003,치수불량,소재경도편차,심각,28,폐기,INS-06
DEF-00460,2024-05-01,A라인,주간,PRD-001,표면조도불량,냉각부족,경미,12,특채(조건부합격),INS-05
DEF-00461,2024-05-01,B라인,야간,PRD-005,기타,세척불량,경미,7,재작업,INS-08
DEF-00462,2024-05-01,B라인,주간,PRD-002,외관불량,버(burr)잔존,경미,2,재작업,INS-07
DEF-00463,2024-05-01,B라인,주간,PRD-005,치수불량,공구마모,경미,10,특채(조건부합격),INS-01
DEF-00464,2024-05-01,C라인,주간,PRD-001,크랙,열처리불량,경미,4,특채(조건부합격),INS-07
DEF-00465,2024-05-01,C라인,주간,PRD-005,치수불량,측정오류,경미,13,특채(조건부합격),INS-06
DEF-00466,2024-05-01,C라인,야간,PRD-003,크랙,응력집중,경미,7,재작업,INS-05
DEF-00467,2024-05-01,C라인,야간,PRD-001,외관불량,변색,경미,7,특채(조건부합격),INS-01
DEF-00468,2024-05-02,A라인,야간,PRD-004,형상불량,동축도초과,보통,8,재작업,INS-03
DEF-00469,2024-05-02,A라인,야간,PRD-004,형상불량,진원도초과,보통,6,특채(조건부합격),INS-05
DEF-00470,2024-05-02,B라인,야간,PRD-006,외관불량,찍힘,경미,13,특채(조건부합격),INS-04
DEF-00471,2024-05-02,B라인,주간,PRD-005,외관불량,스크래치,경미,9,특채(조건부합격),INS-07
DEF-00472,2024-05-02,C라인,주간,PRD-005,치수불량,열변형,보통,4,재작업,INS-02
DEF-00473,2024-05-02,C라인,야간,PRD-003,치수불량,열변형,심각,17,반품,INS-08
DEF-00474,2024-05-03,A라인,주간,PRD-004,표면조도불량,소재불량,경미,2,재작업,INS-07
DEF-00475,2024-05-03,A라인,야간,PRD-003,치수불량,열변형,경미,4,특채(조건부합격),INS-01
DEF-00476,2024-05-03,C라인,야간,PRD-001,크랙,과부하가공,경미,14,재작업,INS-02
DEF-00477,2024-05-03,C라인,야간,PRD-003,기타,조립불량,보통,8,폐기,INS-05
DEF-00478,2024-05-03,C라인,야간,PRD-001,치수불량,셋업오류,심각,26,폐기,INS-03
DEF-00479,2024-05-04,A라인,야간,PRD-003,치수불량,공구마모,경미,10,특채(조건부합격),INS-07
DEF-00480,2024-05-04,A라인,주간,PRD-003,외관불량,이물질부착,경미,5,특채(조건부합격),INS-05
DEF-00481,2024-05-04,A라인,주간,PRD-001,치수불량,셋업오류,보통,9,특채(조건부합격),INS-05
DEF-00482,2024-05-04,A라인,주간,PRD-004,외관불량,변색,경미,4,특채(조건부합격),INS-02
DEF-00483,2024-05-04,A라인,야간,PRD-003,외관불량,이물질부착,보통,3,폐기,INS-01
DEF-00484,2024-05-04,B라인,주간,PRD-002,표면조도불량,절삭조건부적합,경미,13,재작업,INS-01
DEF-00485,2024-05-04,B라인,야간,PRD-005,외관불량,버(burr)잔존,심각,23,폐기,INS-04
DEF-00486,2024-05-04,C라인,야간,PRD-001,외관불량,이물질부착,보통,5,재작업,INS-07
DEF-00487,2024-05-06,B라인,주간,PRD-002,기타,조립불량,경미,9,재작업,INS-08
DEF-00488,2024-05-06,B라인,야간,PRD-002,치수불량,셋업오류,경미,14,특채(조건부합격),INS-04
DEF-00489,2024-05-06,C라인,야간,PRD-005,외관불량,변색,경미,3,재작업,INS-01
DEF-00490,2024-05-06,C라인,주간,PRD-005,외관불량,찍힘,경미,7,재작업,INS-08
DEF-00491,2024-05-07,A라인,야간,PRD-003,외관불량,스크래치,보통,8,특채(조건부합격),INS-06
DEF-00492,2024-05-07,B라인,야간,PRD-006,치수불량,측정오류,심각,29,반품,INS-06
DEF-00493,2024-05-07,B라인,야간,PRD-006,표면조도불량,냉각부족,보통,10,특채(조건부합격),INS-03
DEF-00494,2024-05-07,B라인,야간,PRD-006,치수불량,셋업오류,보통,4,폐기,INS-02
DEF-00495,2024-05-07,B라인,주간,PRD-005,외관불량,찍힘,경미,7,재작업,INS-05
DEF-00496,2024-05-07,C라인,야간,PRD-003,외관불량,변색,경미,13,재작업,INS-04
DEF-00497,2024-05-07,C라인,야간,PRD-003,외관불량,이물질부착,심각,23,반품,INS-03
DEF-00498,2024-05-07,C라인,야간,PRD-005,표면조도불량,절삭조건부적합,보통,12,특채(조건부합격),INS-08
DEF-00499,2024-05-08,A라인,주간,PRD-004,형상불량,동축도초과,경미,5,특채(조건부합격),INS-05
DEF-00500,2024-05-08,B라인,야간,PRD-006,형상불량,평탄도초과,보통,13,재작업,INS-06
DEF-00501,2024-05-09,A라인,주간,PRD-003,외관불량,이물질부착,심각,28,폐기,INS-06
DEF-00502,2024-05-09,A라인,주간,PRD-001,외관불량,찍힘,심각,12,반품,INS-02
DEF-00503,2024-05-09,B라인,야간,PRD-002,외관불량,변색,보통,9,재작업,INS-03
DEF-00504,2024-05-09,B라인,주간,PRD-005,치수불량,측정오류,보통,11,폐기,INS-05
DEF-00505,2024-05-09,B라인,야간,PRD-005,표면조도불량,절삭조건부적합,보통,13,폐기,INS-05
DEF-00506,2024-05-09,C라인,야간,PRD-001,표면조도불량,,보통,13,특채(조건부합격),INS-05
DEF-00507,2024-05-10,A라인,주간,PRD-001,표면조도불량,절삭조건부적합,보통,11,재작업,INS-02
DEF-00508,2024-05-10,B라인,야간,PRD-002,기타,세척불량,보통,8,특채(조건부합격),INS-08
DEF-00509,2024-05-10,B라인,주간,PRD-006,치수불량,,경미,9,재작업,INS-01
DEF-00510,2024-05-10,B라인,주간,PRD-002,기타,조립불량,경미,2,특채(조건부합격),INS-06
DEF-00511,2024-05-10,C라인,주간,PRD-003,외관불량,이물질부착,경미,1,특채(조건부합격),INS-03
DEF-00512,2024-05-11,A라인,야간,PRD-003,크랙,과부하가공,보통,9,폐기,INS-03
DEF-00513,2024-05-11,A라인,야간,PRD-001,치수불량,소재경도편차,경미,11,특채(조건부합격),INS-01
DEF-00514,2024-05-11,A라인,야간,PRD-004,표면조도불량,절삭조건부적합,경미,9,특채(조건부합격),INS-06
DEF-00515,2024-05-11,A라인,주간,PRD-001,치수불량,측정오류,보통,10,폐기,INS-06
DEF-00516,2024-05-11,B라인,야간,PRD-006,크랙,열처리불량,보통,7,폐기,INS-03
DEF-00517,2024-05-11,B라인,야간,PRD-002,형상불량,평탄도초과,보통,7,특채(조건부합격),INS-04
DEF-00518,2024-05-13,A라인,야간,PRD-004,형상불량,프로그램오류,보통,14,특채(조건부합격),INS-03
DEF-00519,2024-05-13,B라인,주간,PRD-002,외관불량,버(burr)잔존,보통,10,특채(조건부합격),INS-02
DEF-00520,2024-05-13,B라인,야간,PRD-002,치수불량,소재경도편차,보통,8,재작업,INS-02
DEF-00521,2024-05-14,B라인,주간,PRD-002,외관불량,찍힘,경미,3,재작업,INS-05
DEF-00522,2024-05-14,B라인,주간,PRD-005,외관불량,변색,경미,14,특채(조건부합격),INS-03
DEF-00523,2024-05-14,B라인,주간,PRD-005,치수불량,셋업오류,경미,12,재작업,INS-07
DEF-00524,2024-05-15,B라인,주간,PRD-002,외관불량,이물질부착,보통,3,폐기,INS-08
DEF-00525,2024-05-15,B라인,주간,PRD-002,형상불량,진원도초과,경미,12,재작업,INS-05
DEF-00526,2024-05-15,B라인,주간,PRD-002,외관불량,변색,경미,14,재작업,INS-08
DEF-00527,2024-05-15,C라인,주간,PRD-001,크랙,응력집중,경미,3,재작업,INS-07
DEF-00528,2024-05-15,C라인,야간,PRD-005,외관불량,스크래치,보통,4,폐기,INS-08
DEF-00529,2024-05-16,A라인,야간,PRD-004,외관불량,찍힘,보통,11,폐기,INS-03
DEF-00530,2024-05-16,A라인,주간,PRD-001,표면조도불량,소재불량,보통,14,재작업,INS-04
DEF-00531,2024-05-16,A라인,주간,PRD-003,외관불량,버(burr)잔존,보통,6,재작업,INS-08
DEF-00532,2024-05-16,A라인,야간,PRD-003,외관불량,버(burr)잔존,경미,5,재작업,INS-03
DEF-00533,2024-05-16,A라인,야간,PRD-003,외관불량,변색,심각,17,폐기,INS-07
DEF-00534,2024-05-16,B라인,주간,PRD-006,치수불량,열변형,경미,11,재작업,INS-08
DEF-00535,2024-05-16,C라인,주간,PRD-001,외관불량,이물질부착,보통,14,폐기,INS-04
DEF-00536,2024-05-17,A라인,야간,PRD-004,외관불량,스크래치,보통,5,재작업,INS-08
DEF-00537,2024-05-17,A라인,야간,PRD-003,외관불량,찍힘,심각,11,반품,INS-01
DEF-00538,2024-05-17,A라인,주간,PRD-001,외관불량,찍힘,심각,12,반품,INS-08
DEF-00539,2024-05-17,A라인,야간,PRD-004,크랙,응력집중,경미,1,재작업,INS-03
DEF-00540,2024-05-17,B라인,야간,PRD-006,치수불량,공구마모,보통,3,폐기,INS-04
DEF-00541,2024-05-17,C라인,주간,PRD-005,외관불량,,보통,5,재작업,INS-06
DEF-00542,2024-05-18,A라인,야간,PRD-003,외관불량,이물질부착,심각,28,반품,INS-07
DEF-00543,2024-05-18,A라인,야간,PRD-003,형상불량,동축도초과,심각,5,반품,INS-06
DEF-00544,2024-05-18,B라인,야간,PRD-006,외관불량,변색,보통,2,폐기,INS-05
DEF-00545,2024-05-18,B라인,주간,PRD-002,외관불량,스크래치,보통,1,폐기,INS-04
DEF-00546,2024-05-18,B라인,주간,PRD-002,표면조도불량,냉각부족,경미,2,재작업,INS-03
DEF-00547,2024-05-20,A라인,주간,PRD-003,기타,포장손상,경미,14,특채(조건부합격),INS-07
DEF-00548,2024-05-20,A라인,주간,PRD-001,크랙,응력집중,보통,9,재작업,INS-02
DEF-00549,2024-05-20,A라인,주간,PRD-004,형상불량,평탄도초과,경미,14,특채(조건부합격),INS-03
DEF-00550,2024-05-20,A라인,주간,PRD-003,치수불량,공구마모,경미,1,특채(조건부합격),INS-02
DEF-00551,2024-05-20,A라인,주간,PRD-001,외관불량,찍힘,경미,5,특채(조건부합격),INS-04
DEF-00552,2024-05-20,B라인,야간,PRD-006,치수불량,공구마모,보통,4,폐기,INS-07
DEF-00553,2024-05-20,B라인,야간,PRD-006,치수불량,측정오류,보통,11,폐기,INS-01
DEF-00554,2024-05-20,C라인,야간,PRD-005,외관불량,버(burr)잔존,보통,2,재작업,INS-01
DEF-00555,2024-05-20,C라인,주간,PRD-001,표면조도불량,냉각부족,경미,6,특채(조건부합격),INS-04
DEF-00556,2024-05-20,C라인,주간,PRD-005,표면조도불량,절삭조건부적합,경미,13,특채(조건부합격),INS-01
DEF-00557,2024-05-21,A라인,야간,PRD-004,치수불량,열변형,보통,1,폐기,INS-05
DEF-00558,2024-05-21,A라인,야간,PRD-004,외관불량,이물질부착,심각,5,폐기,INS-04
DEF-00559,2024-05-21,A라인,야간,PRD-003,형상불량,프로그램오류,보통,10,폐기,INS-04
DEF-00560,2024-05-21,B라인,야간,PRD-006,형상불량,평탄도초과,경미,11,재작업,INS-02
DEF-00561,2024-05-21,C라인,주간,PRD-003,표면조도불량,절삭조건부적합,보통,5,재작업,INS-08
DEF-00562,2024-05-21,C라인,야간,PRD-005,형상불량,,경미,6,특채(조건부합격),INS-06
DEF-00563,2024-05-22,A라인,야간,PRD-004,외관불량,버(burr)잔존,보통,4,특채(조건부합격),INS-07
DEF-00564,2024-05-22,B라인,야간,PRD-006,치수불량,소재경도편차,보통,13,폐기,INS-04
DEF-00565,2024-05-22,B라인,야간,PRD-006,형상불량,진원도초과,보통,5,폐기,INS-03
DEF-00566,2024-05-22,B라인,주간,PRD-002,표면조도불량,소재불량,보통,4,특채(조건부합격),INS-05
DEF-00567,2024-05-22,B라인,야간,PRD-006,형상불량,프로그램오류,심각,13,폐기,INS-03
DEF-00568,2024-05-22,B라인,야간,PRD-006,치수불량,소재경도편차,보통,13,폐기,INS-04
DEF-00569,2024-05-22,C라인,주간,PRD-003,외관불량,찍힘,심각,26,폐기,INS-01
DEF-00570,2024-05-22,C라인,주간,PRD-001,외관불량,찍힘,경미,2,특채(조건부합격),INS-02
DEF-00571,2024-05-23,A라인,야간,PRD-004,치수불량,셋업오류,심각,18,폐기,INS-01
DEF-00572,2024-05-23,A라인,주간,PRD-004,치수불량,셋업오류,보통,4,특채(조건부합격),INS-07
DEF-00573,2024-05-23,A라인,야간,PRD-001,치수불량,열변형,보통,6,재작업,INS-02
DEF-00574,2024-05-23,B라인,주간,PRD-002,외관불량,이물질부착,보통,4,폐기,INS-08
DEF-00575,2024-05-23,B라인,주간,PRD-006,외관불량,이물질부착,경미,8,재작업,INS-05
DEF-00576,2024-05-23,B라인,주간,PRD-005,기타,포장손상,경미,12,재작업,INS-05
DEF-00577,2024-05-23,C라인,야간,PRD-001,외관불량,찍힘,보통,9,특채(조건부합격),INS-04
DEF-00578,2024-05-24,B라인,야간,PRD-006,치수불량,소재경도편차,보통,12,특채(조건부합격),INS-07
DEF-00579,2024-05-24,B라인,주간,PRD-005,표면조도불량,냉각부족,경미,11,특채(조건부합격),INS-05
DEF-00580,2024-05-24,C라인,야간,PRD-001,형상불량,진원도초과,경미,10,재작업,INS-07
DEF-00581,2024-05-24,C라인,주간,PRD-001,기타,라벨오류,경미,12,재작업,INS-01
DEF-00582,2024-05-24,C라인,야간,PRD-001,외관불량,변색,경미,6,특채(조건부합격),INS-03
DEF-00583,2024-05-25,A라인,야간,PRD-001,외관불량,변색,보통,9,특채(조건부합격),INS-05
DEF-00584,2024-05-25,B라인,주간,PRD-002,외관불량,스크래치,보통,2,특채(조건부합격),INS-06
DEF-00585,2024-05-25,B라인,주간,PRD-005,크랙,열처리불량,경미,4,재작업,INS-06
DEF-00586,2024-05-25,C라인,야간,PRD-003,외관불량,이물질부착,보통,2,재작업,INS-07
DEF-00587,2024-05-25,C라인,야간,PRD-005,크랙,응력집중,보통,11,재작업,INS-06
DEF-00588,2024-05-27,A라인,주간,PRD-001,외관불량,찍힘,심각,15,폐기,INS-01
DEF-00589,2024-05-27,B라인,주간,PRD-005,외관불량,변색,보통,12,특채(조건부합격),INS-07
DEF-00590,2024-05-27,B라인,주간,PRD-002,형상불량,동축도초과,경미,6,특채(조건부합격),INS-04
DEF-00591,2024-05-27,C라인,야간,PRD-001,치수불량,소재경도편차,경미,13,특채(조건부합격),INS-06
DEF-00592,2024-05-28,A라인,주간,PRD-003,외관불량,찍힘,보통,7,,INS-05
DEF-00593,2024-05-28,A라인,야간,PRD-001,형상불량,동축도초과,보통,7,폐기,INS-02
DEF-00594,2024-05-28,B라인,야간,PRD-005,표면조도불량,냉각부족,경미,4,특채(조건부합격),INS-05
DEF-00595,2024-05-28,B라인,주간,PRD-006,형상불량,프로그램오류,경미,5,특채(조건부합격),INS-07
DEF-00596,2024-05-28,B라인,주간,PRD-002,외관불량,변색,보통,7,재작업,INS-08
DEF-00597,2024-05-28,B라인,주간,PRD-006,외관불량,버(burr)잔존,보통,11,특채(조건부합격),INS-01
DEF-00598,2024-05-28,B라인,야간,PRD-006,치수불량,공구마모,경미,13,재작업,INS-06
DEF-00599,2024-05-28,C라인,야간,PRD-005,크랙,열처리불량,보통,2,특채(조건부합격),INS-02
DEF-00600,2024-05-29,A라인,야간,PRD-001,치수불량,측정오류,보통,2,폐기,INS-02
DEF-00601,2024-05-29,B라인,주간,PRD-006,외관불량,이물질부착,보통,10,폐기,INS-03
DEF-00602,2024-05-29,B라인,야간,PRD-002,치수불량,소재경도편차,심각,27,폐기,INS-04
DEF-00603,2024-05-29,B라인,주간,PRD-002,치수불량,공구마모,심각,11,반품,INS-03
DEF-00604,2024-05-29,C라인,주간,PRD-005,형상불량,동축도초과,경미,6,재작업,INS-06
DEF-00605,2024-05-29,C라인,야간,PRD-005,형상불량,동축도초과,보통,5,특채(조건부합격),INS-02
DEF-00606,2024-05-29,C라인,야간,PRD-001,크랙,응력집중,보통,6,특채(조건부합격),INS-03
DEF-00607,2024-05-29,C라인,야간,PRD-001,치수불량,열변형,심각,11,반품,INS-08
DEF-00608,2024-05-30,A라인,야간,PRD-004,치수불량,공구마모,경미,12,특채(조건부합격),INS-02
DEF-00609,2024-05-30,B라인,야간,PRD-005,외관불량,이물질부착,심각,12,반품,INS-04
DEF-00610,2024-05-30,B라인,주간,PRD-005,형상불량,동축도초과,심각,21,반품,INS-04
DEF-00611,2024-05-30,B라인,주간,PRD-002,기타,포장손상,보통,10,특채(조건부합격),INS-05
DEF-00612,2024-05-30,B라인,야간,PRD-002,치수불량,공구마모,경미,13,특채(조건부합격),INS-05
DEF-00613,2024-05-30,C라인,야간,PRD-005,형상불량,진원도초과,경미,6,특채(조건부합격),INS-01
DEF-00614,2024-05-30,C라인,야간,PRD-003,외관불량,변색,보통,1,재작업,INS-01
DEF-00615,2024-05-30,C라인,주간,PRD-005,형상불량,동축도초과,보통,10,재작업,INS-05
DEF-00616,2024-05-30,C라인,주간,PRD-001,기타,포장손상,경미,5,재작업,INS-05
DEF-00617,2024-05-31,A라인,야간,PRD-001,외관불량,스크래치,심각,11,폐기,INS-05
DEF-00618,2024-05-31,A라인,야간,PRD-003,외관불량,버(burr)잔존,보통,2,폐기,INS-07
DEF-00619,2024-05-31,A라인,주간,PRD-003,형상불량,평탄도초과,보통,11,특채(조건부합격),INS-03
DEF-00620,2024-05-31,B라인,야간,PRD-005,표면조도불량,절삭조건부적합,경미,2,재작업,INS-06
DEF-00621,2024-05-31,B라인,주간,PRD-005,외관불량,버(burr)잔존,보통,3,폐기,INS-03
DEF-00622,2024-06-01,A라인,주간,PRD-003,형상불량,진원도초과,보통,9,재작업,INS-02
DEF-00623,2024-06-01,A라인,주간,PRD-004,형상불량,진원도초과,경미,8,재작업,INS-07
DEF-00624,2024-06-01,C라인,주간,PRD-005,형상불량,프로그램오류,경미,13,재작업,INS-06
DEF-00625,2024-06-03,A라인,주간,PRD-001,형상불량,평탄도초과,심각,29,폐기,INS-08
DEF-00626,2024-06-03,A라인,야간,PRD-001,치수불량,소재경도편차,경미,10,특채(조건부합격),INS-05
DEF-00627,2024-06-03,A라인,야간,PRD-003,치수불량,셋업오류,보통,1,폐기,INS-06
DEF-00628,2024-06-03,A라인,야간,PRD-003,치수불량,측정오류,심각,15,반품,INS-01
DEF-00629,2024-06-03,A라인,야간,PRD-001,치수불량,셋업오류,보통,10,재작업,INS-05
DEF-00630,2024-06-03,B라인,주간,PRD-006,크랙,소재결함,심각,5,반품,INS-07
DEF-00631,2024-06-03,C라인,야간,PRD-001,외관불량,버(burr)잔존,보통,9,재작업,INS-08
DEF-00632,2024-06-04,A라인,야간,PRD-001,외관불량,이물질부착,보통,4,폐기,INS-04
DEF-00633,2024-06-04,B라인,주간,PRD-006,외관불량,변색,보통,3,폐기,INS-07
DEF-00634,2024-06-04,C라인,야간,PRD-001,표면조도불량,소재불량,보통,11,재작업,INS-06
DEF-00635,2024-06-04,C라인,주간,PRD-001,외관불량,버(burr)잔존,경미,10,특채(조건부합격),INS-01
DEF-00636,2024-06-05,A라인,야간,PRD-003,표면조도불량,소재불량,보통,12,재작업,INS-02
DEF-00637,2024-06-05,B라인,야간,PRD-005,외관불량,이물질부착,보통,11,폐기,INS-01
DEF-00638,2024-06-06,A라인,주간,PRD-004,치수불량,열변형,경미,14,재작업,INS-05
DEF-00639,2024-06-06,A라인,야간,PRD-001,크랙,과부하가공,경미,10,특채(조건부합격),INS-04
DEF-00640,2024-06-06,B라인,주간,PRD-005,치수불량,소재경도편차,심각,22,폐기,INS-03
DEF-00641,2024-06-06,B라인,야간,PRD-006,형상불량,평탄도초과,심각,26,폐기,INS-03
DEF-00642,2024-06-06,B라인,야간,PRD-002,형상불량,진원도초과,보통,3,재작업,INS-03
DEF-00643,2024-06-06,B라인,야간,PRD-006,형상불량,평탄도초과,경미,2,재작업,INS-03
DEF-00644,2024-06-06,B라인,야간,PRD-002,외관불량,찍힘,경미,8,특채(조건부합격),INS-01
DEF-00645,2024-06-07,A라인,주간,PRD-003,크랙,과부하가공,심각,20,반품,INS-03
DEF-00646,2024-06-07,A라인,주간,PRD-003,표면조도불량,절삭조건부적합,심각,11,폐기,INS-01
DEF-00647,2024-06-07,B라인,야간,PRD-005,치수불량,열변형,보통,4,재작업,INS-08
DEF-00648,2024-06-07,B라인,주간,PRD-002,표면조도불량,냉각부족,경미,4,재작업,INS-04
DEF-00649,2024-06-07,B라인,주간,PRD-005,치수불량,셋업오류,보통,6,재작업,INS-08
DEF-00650,2024-06-07,B라인,주간,PRD-002,외관불량,버(burr)잔존,보통,10,재작업,INS-03
DEF-00651,2024-06-07,B라인,야간,PRD-006,형상불량,프로그램오류,경미,7,특채(조건부합격),INS-08
DEF-00652,2024-06-07,B라인,야간,PRD-005,치수불량,공구마모,경미,6,특채(조건부합격),INS-05
DEF-00653,2024-06-08,A라인,야간,PRD-003,형상불량,동축도초과,보통,5,폐기,INS-08
DEF-00654,2024-06-08,B라인,주간,PRD-006,치수불량,측정오류,보통,14,특채(조건부합격),INS-01
DEF-00655,2024-06-08,B라인,주간,PRD-005,기타,세척불량,심각,7,폐기,INS-05
DEF-00656,2024-06-08,B라인,야간,PRD-005,치수불량,셋업오류,보통,5,폐기,INS-05
DEF-00657,2024-06-08,C라인,주간,PRD-003,형상불량,프로그램오류,경미,4,재작업,INS-08
DEF-00658,2024-06-10,C라인,야간,PRD-001,치수불량,열변형,경미,10,재작업,INS-07
DEF-00659,2024-06-10,C라인,주간,PRD-001,표면조도불량,소재불량,보통,14,폐기,INS-07
DEF-00660,2024-06-10,C라인,주간,PRD-005,외관불량,이물질부착,경미,11,재작업,INS-04
DEF-00661,2024-06-11,A라인,주간,PRD-001,치수불량,공구마모,경미,6,재작업,INS-03
DEF-00662,2024-06-11,A라인,야간,PRD-001,치수불량,열변형,보통,9,재작업,INS-06
DEF-00663,2024-06-11,A라인,야간,PRD-003,크랙,과부하가공,심각,19,반품,INS-02
DEF-00664,2024-06-11,A라인,주간,PRD-001,치수불량,공구마모,심각,14,반품,INS-03
DEF-00665,2024-06-11,B라인,야간,PRD-002,치수불량,공구마모,경미,8,특채(조건부합격),INS-02
DEF-00666,2024-06-11,B라인,주간,PRD-005,기타,조립불량,경미,4,재작업,INS-03
DEF-00667,2024-06-11,B라인,주간,PRD-002,표면조도불량,공구마모,보통,6,폐기,INS-08
DEF-00668,2024-06-11,B라인,야간,PRD-005,외관불량,버(burr)잔존,경미,9,재작업,INS-02
DEF-00669,2024-06-11,C라인,주간,PRD-001,외관불량,변색,경미,9,재작업,INS-05
DEF-00670,2024-06-11,C라인,주간,PRD-005,치수불량,공구마모,보통,9,폐기,INS-03
DEF-00671,2024-06-11,C라인,야간,PRD-003,치수불량,소재경도편차,보통,12,특채(조건부합격),INS-03
DEF-00672,2024-06-12,B라인,주간,PRD-006,치수불량,셋업오류,경미,5,특채(조건부합격),INS-03
DEF-00673,2024-06-12,B라인,야간,PRD-002,기타,조립불량,보통,6,특채(조건부합격),INS-06
DEF-00674,2024-06-12,B라인,주간,PRD-002,외관불량,버(burr)잔존,경미,7,재작업,INS-04
DEF-00675,2024-06-12,C라인,야간,PRD-005,치수불량,측정오류,경미,3,특채(조건부합격),INS-06
DEF-00676,2024-06-12,C라인,주간,PRD-005,치수불량,소재경도편차,경미,6,재작업,INS-01
DEF-00677,2024-06-12,C라인,야간,PRD-001,크랙,,보통,2,재작업,INS-06
DEF-00678,2024-06-13,A라인,주간,PRD-004,외관불량,이물질부착,심각,27,반품,INS-08
DEF-00679,2024-06-13,B라인,주간,PRD-006,형상불량,진원도초과,보통,9,특채(조건부합격),INS-01
DEF-00680,2024-06-13,B라인,주간,PRD-002,치수불량,공구마모,경미,9,재작업,INS-08
DEF-00681,2024-06-13,B라인,주간,PRD-005,기타,세척불량,심각,6,폐기,INS-05
DEF-00682,2024-06-13,C라인,주간,PRD-003,외관불량,이물질부착,보통,5,,INS-05
DEF-00683,2024-06-14,A라인,야간,PRD-004,외관불량,찍힘,경미,4,재작업,INS-01
DEF-00684,2024-06-14,A라인,야간,PRD-001,기타,포장손상,보통,11,특채(조건부합격),INS-06
DEF-00685,2024-06-14,A라인,주간,PRD-004,외관불량,스크래치,보통,11,특채(조건부합격),INS-05
DEF-00686,2024-06-14,A라인,주간,PRD-003,치수불량,소재경도편차,경미,5,특채(조건부합격),INS-05
DEF-00687,2024-06-14,A라인,야간,PRD-004,외관불량,스크래치,보통,8,특채(조건부합격),INS-01
DEF-00688,2024-06-14,B라인,야간,PRD-006,크랙,응력집중,경미,8,특채(조건부합격),INS-07
DEF-00689,2024-06-14,C라인,주간,PRD-001,형상불량,진원도초과,보통,8,특채(조건부합격),INS-07
DEF-00690,2024-06-14,C라인,야간,PRD-003,크랙,소재결함,심각,11,반품,INS-07
DEF-00691,2024-06-14,C라인,주간,PRD-001,크랙,,경미,1,특채(조건부합격),INS-04
DEF-00692,2024-06-14,C라인,야간,PRD-005,형상불량,진원도초과,보통,8,재작업,INS-06
DEF-00693,2024-06-15,A라인,주간,PRD-003,표면조도불량,소재불량,경미,10,재작업,INS-07
DEF-00694,2024-06-15,B라인,야간,PRD-002,형상불량,진원도초과,보통,2,재작업,INS-03
DEF-00695,2024-06-15,C라인,주간,PRD-005,크랙,과부하가공,보통,8,폐기,INS-07
DEF-00696,2024-06-15,C라인,야간,PRD-005,기타,세척불량,심각,27,폐기,INS-07
DEF-00697,2024-06-17,A라인,주간,PRD-004,치수불량,열변형,경미,2,재작업,INS-01
DEF-00698,2024-06-17,B라인,주간,PRD-006,형상불량,평탄도초과,경미,6,특채(조건부합격),INS-07
DEF-00699,2024-06-17,C라인,주간,PRD-003,기타,포장손상,경미,7,특채(조건부합격),INS-07
DEF-00700,2024-06-17,C라인,주간,PRD-005,형상불량,프로그램오류,보통,2,특채(조건부합격),INS-07
DEF-00701,2024-06-18,A라인,야간,PRD-004,외관불량,변색,경미,12,특채(조건부합격),INS-04
DEF-00702,2024-06-18,A라인,야간,PRD-004,외관불량,,심각,11,폐기,INS-01
DEF-00703,2024-06-19,A라인,야간,PRD-003,표면조도불량,소재불량,심각,13,반품,INS-04
DEF-00704,2024-06-19,A라인,주간,PRD-003,치수불량,소재경도편차,경미,1,특채(조건부합격),INS-05
DEF-00705,2024-06-19,A라인,야간,PRD-003,표면조도불량,냉각부족,경미,6,재작업,INS-04
DEF-00706,2024-06-19,B라인,야간,PRD-005,표면조도불량,공구마모,경미,4,특채(조건부합격),INS-01
DEF-00707,2024-06-19,B라인,야간,PRD-002,표면조도불량,냉각부족,심각,5,반품,INS-04
DEF-00708,2024-06-19,B라인,주간,PRD-005,크랙,열처리불량,경미,4,특채(조건부합격),INS-06
DEF-00709,2024-06-19,B라인,야간,PRD-002,치수불량,공구마모,보통,2,특채(조건부합격),INS-07
DEF-00710,2024-06-19,C라인,야간,PRD-003,형상불량,,보통,1,폐기,INS-06
DEF-00711,2024-06-19,C라인,주간,PRD-003,치수불량,셋업오류,보통,13,특채(조건부합격),INS-08
DEF-00712,2024-06-20,A라인,야간,PRD-004,외관불량,이물질부착,경미,1,재작업,INS-02
DEF-00713,2024-06-20,A라인,야간,PRD-001,형상불량,,보통,7,폐기,INS-03
DEF-00714,2024-06-20,A라인,야간,PRD-004,표면조도불량,냉각부족,보통,11,특채(조건부합격),INS-06
DEF-00715,2024-06-20,B라인,야간,PRD-006,외관불량,찍힘,보통,6,폐기,INS-04
DEF-00716,2024-06-20,B라인,야간,PRD-005,치수불량,열변형,보통,8,특채(조건부합격),INS-05
DEF-00717,2024-06-20,B라인,야간,PRD-006,형상불량,동축도초과,보통,11,재작업,INS-04
DEF-00718,2024-06-20,B라인,주간,PRD-002,외관불량,스크래치,심각,22,반품,INS-01
DEF-00719,2024-06-20,C라인,주간,PRD-001,치수불량,공구마모,보통,1,특채(조건부합격),INS-04
DEF-00720,2024-06-20,C라인,야간,PRD-003,형상불량,,보통,4,특채(조건부합격),INS-01
DEF-00721,2024-06-20,C라인,주간,PRD-005,외관불량,변색,보통,4,폐기,INS-06
DEF-00722,2024-06-20,C라인,주간,PRD-005,표면조도불량,소재불량,보통,10,특채(조건부합격),INS-07
DEF-00723,2024-06-21,A라인,야간,PRD-004,외관불량,변색,보통,14,특채(조건부합격),INS-06
DEF-00724,2024-06-21,A라인,주간,PRD-001,표면조도불량,절삭조건부적합,보통,11,특채(조건부합격),INS-01
DEF-00725,2024-06-21,A라인,야간,PRD-001,치수불량,열변형,경미,2,재작업,INS-05
DEF-00726,2024-06-21,B라인,야간,PRD-005,외관불량,버(burr)잔존,경미,10,재작업,INS-02
DEF-00727,2024-06-21,B라인,야간,PRD-006,형상불량,진원도초과,경미,9,재작업,INS-05
DEF-00728,2024-06-21,C라인,주간,PRD-005,치수불량,측정오류,심각,9,폐기,INS-03
DEF-00729,2024-06-22,A라인,야간,PRD-004,외관불량,변색,보통,11,재작업,INS-06
DEF-00730,2024-06-22,B라인,주간,PRD-005,치수불량,측정오류,심각,9,폐기,INS-02
DEF-00731,2024-06-22,B라인,주간,PRD-005,외관불량,찍힘,보통,10,특채(조건부합격),INS-06
DEF-00732,2024-06-22,B라인,야간,PRD-005,외관불량,변색,심각,15,폐기,INS-05
DEF-00733,2024-06-24,A라인,주간,PRD-004,치수불량,셋업오류,보통,12,재작업,INS-02
DEF-00734,2024-06-24,A라인,주간,PRD-001,치수불량,소재경도편차,심각,20,폐기,INS-08
DEF-00735,2024-06-24,B라인,야간,PRD-002,크랙,소재결함,보통,14,재작업,INS-05
DEF-00736,2024-06-24,B라인,주간,PRD-006,외관불량,스크래치,경미,8,재작업,INS-06
DEF-00737,2024-06-24,B라인,주간,PRD-006,외관불량,찍힘,경미,14,특채(조건부합격),INS-06
DEF-00738,2024-06-24,C라인,야간,PRD-001,외관불량,,보통,5,폐기,INS-01
DEF-00739,2024-06-24,C라인,주간,PRD-001,크랙,과부하가공,보통,4,특채(조건부합격),INS-01
DEF-00740,2024-06-25,A라인,야간,PRD-001,외관불량,변색,경미,9,특채(조건부합격),INS-01
DEF-00741,2024-06-25,A라인,야간,PRD-003,치수불량,측정오류,보통,2,특채(조건부합격),INS-07
DEF-00742,2024-06-25,A라인,주간,PRD-004,치수불량,열변형,경미,5,재작업,INS-08
DEF-00743,2024-06-25,B라인,야간,PRD-002,외관불량,이물질부착,심각,28,폐기,INS-06
DEF-00744,2024-06-25,B라인,주간,PRD-005,기타,라벨오류,심각,5,반품,INS-05
DEF-00745,2024-06-25,B라인,야간,PRD-002,표면조도불량,공구마모,경미,9,재작업,INS-01
DEF-00746,2024-06-25,C라인,야간,PRD-005,형상불량,진원도초과,보통,6,재작업,INS-04
DEF-00747,2024-06-26,B라인,주간,PRD-002,외관불량,변색,보통,7,폐기,INS-01
DEF-00748,2024-06-26,B라인,야간,PRD-002,기타,라벨오류,경미,10,특채(조건부합격),INS-02
DEF-00749,2024-06-26,B라인,주간,PRD-005,기타,조립불량,경미,2,,INS-03
DEF-00750,2024-06-26,B라인,야간,PRD-006,외관불량,버(burr)잔존,경미,5,특채(조건부합격),INS-07
DEF-00751,2024-06-26,C라인,야간,PRD-001,표면조도불량,,심각,13,반품,INS-07
DEF-00752,2024-06-27,A라인,야간,PRD-004,외관불량,찍힘,경미,11,재작업,INS-01
DEF-00753,2024-06-27,A라인,주간,PRD-003,외관불량,이물질부착,보통,13,폐기,INS-05
DEF-00754,2024-06-27,A라인,주간,PRD-003,치수불량,셋업오류,보통,10,특채(조건부합격),INS-06
DEF-00755,2024-06-27,A라인,주간,PRD-001,크랙,열처리불량,보통,4,특채(조건부합격),INS-04
DEF-00756,2024-06-27,B라인,주간,PRD-005,기타,세척불량,보통,14,재작업,INS-02
DEF-00757,2024-06-27,C라인,주간,PRD-005,치수불량,셋업오류,경미,10,특채(조건부합격),INS-06
DEF-00758,2024-06-27,C라인,주간,PRD-005,외관불량,버(burr)잔존,경미,1,재작업,INS-02
DEF-00759,2024-06-28,A라인,야간,PRD-001,외관불량,스크래치,경미,10,특채(조건부합격),INS-08
DEF-00760,2024-06-28,A라인,주간,PRD-004,외관불량,버(burr)잔존,경미,3,특채(조건부합격),INS-03
DEF-00761,2024-06-28,A라인,주간,PRD-003,외관불량,스크래치,보통,8,재작업,INS-03
DEF-00762,2024-06-28,A라인,야간,PRD-003,표면조도불량,절삭조건부적합,심각,10,폐기,INS-01
DEF-00763,2024-06-28,A라인,야간,PRD-001,외관불량,스크래치,경미,5,재작업,INS-06
DEF-00764,2024-06-28,C라인,주간,PRD-001,외관불량,찍힘,심각,5,폐기,INS-08
DEF-00765,2024-06-29,A라인,야간,PRD-001,외관불량,스크래치,경미,11,재작업,INS-02
DEF-00766,2024-06-29,B라인,야간,PRD-002,크랙,,경미,9,특채(조건부합격),INS-08
DEF-00767,2024-06-29,C라인,주간,PRD-005,외관불량,버(burr)잔존,보통,4,특채(조건부합격),INS-05
